{"test_RMSE": 137.44397681750888, "validation_RMSE": 139.268424191153, "validation_R2": 0.1526384241907377}