{"test_accuracy": 0.024, "validation_accuracy": 0.008064516129032258, "validation_f1": 0.008064516129032258}