{"test_RMSE": 137.7105006889453, "validation_RMSE": 117.1032508983749, "validation_R2": 0.4008972034611078}